{
    "name" : "Lesson 1 / Advanced",
    "subjects":[
        {
            "No":"1",
            "Tag":"Getting started",
            "Descrition":"We will start the lesson",
            "Text":""
        },
        {
            "No":"2",
            "Tag":"Learning the fundementalics",
            "Descrition":"Move your cursor to the icons to see the text",
            "Text":""
        },
        {
            "No":"3",
            "Tag":"Specification",
            "Descrition":"Understand the meaning of the words",
            "Text":""
        },
        {
            "No":"4",
            "Tag":"At last",
            "Descrition":"The End",
            "Text":""
        },
        {
            "No":"5",
            "Tag":"Comming next...",
            "Descrition":"",
            "Text":""
        }
    ]
}